Timestamp,Soil Moisture,Temperature,Humidity,Light Intensity,Water Level,Pump Status,Alert
2026-06-12 22:37:47.861626,94,24,42,692,14,OFF,Low Water Level
2026-06-12 22:38:04.852524,59,29,89,722,46,OFF,Normal
2026-06-12 22:38:07.852410,57,24,55,257,68,OFF,Normal
2026-06-12 22:38:09.923655,19,26,83,930,81,ON,Low Soil Moisture
2026-06-12 22:38:12.085465,25,22,81,555,76,ON,Low Soil Moisture
2026-06-12 22:38:13.889812,78,36,64,132,81,OFF,Normal
2026-06-12 22:38:15.897155,91,45,40,320,89,OFF,High Temperature
2026-06-12 22:38:18.940571,22,23,31,894,27,ON,Low Soil Moisture
2026-06-12 22:38:21.045581,76,35,42,719,79,OFF,Normal
2026-06-12 22:38:22.953959,62,22,52,867,15,OFF,Low Water Level
2026-06-12 22:38:24.474583,21,42,36,918,61,ON,High Temperature
2026-06-12 22:38:26.013305,23,26,84,388,15,ON,Low Water Level
2026-06-12 22:46:29.253851,26,34,62,232,37,ON,Low Soil Moisture
2026-06-12 22:46:29.971191,43,44,63,639,61,OFF,High Temperature
2026-06-12 22:46:30.621157,19,24,45,159,44,ON,Low Soil Moisture
2026-06-12 22:46:31.317339,26,43,42,101,42,ON,Low Soil Moisture | High Temperature
2026-06-12 22:46:32.113209,66,30,39,874,15,OFF,Low Water Level
2026-06-12 22:46:32.751867,52,23,66,844,76,OFF,Normal
2026-06-12 22:46:33.415429,62,39,59,567,12,OFF,Low Water Level
2026-06-12 22:46:34.136627,86,26,63,861,37,OFF,Normal
2026-06-12 22:46:34.904519,100,38,77,653,20,OFF,Normal
2026-06-12 22:46:35.551599,98,42,84,286,51,OFF,High Temperature
2026-06-12 22:46:36.187986,49,36,66,552,22,OFF,Normal
2026-06-12 22:46:36.831733,21,26,90,159,60,ON,Low Soil Moisture
2026-06-12 22:46:37.519827,62,37,82,997,44,OFF,Normal
2026-06-12 22:46:38.151346,10,34,79,936,64,ON,Low Soil Moisture
2026-06-12 22:46:38.789105,38,35,60,312,30,OFF,Normal
2026-06-12 22:46:39.546241,59,21,47,168,62,OFF,Normal
2026-06-12 22:46:40.218549,10,27,42,726,85,ON,Low Soil Moisture
2026-06-12 22:46:40.914337,33,35,62,866,70,OFF,Normal
2026-06-12 22:46:41.747584,88,34,65,375,63,OFF,Normal
2026-06-12 22:46:42.423899,62,41,59,456,91,OFF,High Temperature
2026-06-12 22:46:43.113234,84,26,87,495,79,OFF,Normal
2026-06-12 22:46:43.785527,61,28,59,829,57,OFF,Normal
2026-06-12 22:46:44.471872,17,42,85,992,24,ON,Low Soil Moisture | High Temperature
2026-06-12 22:46:45.186323,65,35,73,761,39,OFF,Normal
2026-06-12 22:46:45.893131,73,38,53,865,46,OFF,Normal
2026-06-12 22:46:46.570799,73,23,46,119,31,OFF,Normal
2026-06-12 22:46:47.250263,13,32,50,214,32,ON,Low Soil Moisture
2026-06-12 22:46:47.895186,71,30,55,410,70,OFF,Normal
2026-06-12 22:46:48.612672,45,28,40,968,80,OFF,Normal
2026-06-12 22:46:49.393569,33,37,47,213,97,OFF,Normal
2026-06-12 22:46:50.074835,92,27,62,358,51,OFF,Normal
2026-06-12 22:46:50.731773,74,36,35,265,76,OFF,Normal
2026-06-12 22:46:51.391758,53,20,57,881,84,OFF,Normal
2026-06-12 22:46:52.048105,32,44,87,868,51,OFF,High Temperature
2026-06-12 22:46:52.713134,46,40,45,493,39,OFF,Normal
2026-06-12 22:46:53.391331,22,26,81,798,30,ON,Low Soil Moisture
2026-06-12 22:46:54.059518,35,26,61,850,10,OFF,Low Water Level
2026-06-12 22:46:54.768116,67,22,46,175,78,OFF,Normal
2026-06-12 22:46:55.471334,78,32,72,188,52,OFF,Normal
2026-06-12 22:46:56.121707,68,39,53,343,41,OFF,Normal
2026-06-12 22:46:56.916104,34,26,37,604,99,OFF,Normal
2026-06-12 22:46:57.811898,85,42,35,310,37,OFF,High Temperature
2026-06-12 22:46:58.664602,53,30,51,526,71,OFF,Normal
2026-06-12 22:46:59.380539,32,36,46,602,87,OFF,Normal
2026-06-12 22:47:00.154262,58,22,77,165,63,OFF,Normal
2026-06-12 22:47:01.146662,97,29,32,105,73,OFF,Normal
2026-06-12 22:47:02.096317,48,35,54,888,69,OFF,Normal
2026-06-12 22:47:02.982699,27,31,45,702,52,ON,Low Soil Moisture
2026-06-12 22:47:03.716666,88,23,63,329,39,OFF,Normal
2026-06-12 22:47:04.448380,34,35,43,247,22,OFF,Normal
2026-06-12 22:48:41.002066,66,42,39,654,38,OFF,High Temperature
2026-06-12 22:48:41.705930,63,38,72,448,44,OFF,Normal
2026-06-12 22:48:42.371367,41,24,52,817,37,OFF,Normal
2026-06-12 22:48:43.017322,73,29,87,938,76,OFF,Normal
2026-06-12 22:48:43.667795,94,25,30,161,13,OFF,Low Water Level
2026-06-12 22:48:44.315006,10,24,66,717,100,ON,Low Soil Moisture
2026-06-12 22:48:44.963850,66,36,74,865,96,OFF,Normal
2026-06-12 22:48:45.652823,51,33,72,798,10,OFF,Low Water Level
2026-06-12 22:48:46.507205,55,23,42,511,83,OFF,Normal
2026-06-12 22:48:47.250486,69,39,33,605,48,OFF,Normal
2026-06-12 22:48:47.949441,10,45,40,371,18,ON,Low Soil Moisture | High Temperature | Low Water Level
2026-06-12 22:48:48.700733,53,28,55,298,90,OFF,Normal
2026-06-12 22:48:49.425756,32,43,81,602,98,OFF,High Temperature
2026-06-12 22:48:50.152194,37,38,60,221,93,OFF,Normal
2026-06-12 22:48:50.820843,100,36,78,712,81,OFF,Normal
2026-06-12 22:48:51.464491,28,38,65,705,87,ON,Low Soil Moisture
2026-06-12 22:48:52.113933,99,37,39,415,56,OFF,Normal
2026-06-12 22:48:52.763928,18,44,88,931,18,ON,Low Soil Moisture | High Temperature | Low Water Level
2026-06-12 22:48:53.411305,43,20,69,820,94,OFF,Normal
2026-06-12 22:48:54.076027,54,25,47,185,20,OFF,Normal
2026-06-12 22:48:54.811459,41,34,57,494,72,OFF,Normal
2026-06-12 22:48:55.510693,96,23,37,256,44,OFF,Normal
2026-06-12 22:48:56.156680,44,31,82,411,99,OFF,Normal
2026-06-12 22:48:56.804557,70,43,87,716,38,OFF,High Temperature
2026-06-12 22:48:57.459562,84,42,44,531,14,OFF,High Temperature | Low Water Level
2026-06-12 22:48:58.096653,90,24,72,805,82,OFF,Normal
2026-06-12 22:48:58.766212,94,25,52,964,73,OFF,Normal
2026-06-12 22:48:59.491158,93,25,73,419,37,OFF,Normal
2026-06-12 22:49:00.292045,40,24,31,887,94,OFF,Normal
2026-06-12 22:49:01.067815,32,32,74,733,37,OFF,Normal
2026-06-12 22:49:01.904318,39,23,37,829,74,OFF,Normal
2026-06-12 22:49:02.726461,90,33,75,602,34,OFF,Normal
2026-06-12 22:49:03.438898,45,26,68,369,58,OFF,Normal
2026-06-12 22:49:04.135812,14,27,65,356,20,ON,Low Soil Moisture
2026-06-12 22:49:04.846839,12,30,82,992,96,ON,Low Soil Moisture
2026-06-12 22:49:05.544459,17,42,89,193,57,ON,Low Soil Moisture | High Temperature
2026-06-12 22:49:06.241814,39,23,80,317,59,OFF,Normal
2026-06-12 22:49:06.991387,59,39,60,867,59,OFF,Normal
2026-06-12 22:49:07.697196,81,25,52,197,66,OFF,Normal
2026-06-12 22:49:08.387748,63,40,86,603,34,OFF,Normal
2026-06-12 22:49:09.098795,43,29,64,234,76,OFF,Normal
2026-06-12 22:49:09.790792,62,35,65,720,53,OFF,Normal
2026-06-12 22:49:10.492340,40,29,87,172,71,OFF,Normal
2026-06-12 22:49:11.452131,57,34,45,405,58,OFF,Normal
2026-06-12 22:49:12.243511,23,40,72,838,42,ON,Low Soil Moisture
2026-06-12 22:49:13.008795,16,32,76,992,40,ON,Low Soil Moisture
2026-06-12 22:49:13.763610,55,43,39,936,30,OFF,High Temperature
2026-06-12 22:49:14.510718,21,30,57,810,73,ON,Low Soil Moisture
2026-06-12 22:49:15.293657,57,40,78,427,78,OFF,Normal
2026-06-12 22:49:16.068910,72,34,68,416,78,OFF,Normal
2026-06-12 22:49:16.831448,91,34,67,918,95,OFF,Normal
2026-06-12 22:49:17.691901,52,39,46,615,38,OFF,Normal
2026-06-12 22:49:18.569233,64,41,51,455,94,OFF,High Temperature
2026-06-12 22:49:19.382175,57,44,76,783,96,OFF,High Temperature
2026-06-12 22:49:20.097666,38,43,68,344,86,OFF,High Temperature
2026-06-12 22:49:20.815530,12,35,44,107,72,ON,Low Soil Moisture
2026-06-12 22:49:21.543861,23,29,81,168,98,ON,Low Soil Moisture
2026-06-12 22:49:22.270951,78,45,75,224,10,OFF,High Temperature | Low Water Level
2026-06-12 22:49:23.035472,40,34,74,999,20,OFF,Normal
2026-06-12 22:49:23.802135,30,34,49,582,51,OFF,Normal
2026-06-12 22:49:24.621466,80,44,40,561,51,OFF,High Temperature
2026-06-12 22:49:25.554754,28,35,48,519,62,ON,Low Soil Moisture
2026-06-12 22:49:26.541307,78,27,75,882,14,OFF,Low Water Level
2026-06-12 22:49:27.310838,37,27,42,332,33,OFF,Normal
2026-06-12 22:49:28.098734,57,22,46,722,36,OFF,Normal
2026-06-12 22:49:28.866479,62,39,32,756,22,OFF,Normal
2026-06-12 22:49:29.736216,10,38,59,815,53,ON,Low Soil Moisture
2026-06-12 22:49:30.616178,48,38,73,450,70,OFF,Normal
2026-06-12 22:49:31.447816,21,44,87,847,32,ON,Low Soil Moisture | High Temperature
2026-06-12 22:49:32.267442,63,34,47,476,61,OFF,Normal
2026-06-12 22:49:33.043457,18,21,36,493,32,ON,Low Soil Moisture
2026-06-12 22:49:33.768673,30,34,61,933,28,OFF,Normal
2026-06-12 22:49:34.453237,30,20,74,230,78,OFF,Normal
2026-06-12 22:49:35.152853,13,29,64,191,85,ON,Low Soil Moisture
2026-06-12 22:49:35.860441,13,40,73,137,96,ON,Low Soil Moisture
2026-06-12 22:49:36.553204,80,21,58,976,56,OFF,Normal
2026-06-12 22:49:37.242113,84,23,57,988,38,OFF,Normal
2026-06-12 22:49:38.124010,85,29,66,878,72,OFF,Normal
2026-06-12 22:49:39.005327,44,32,37,323,90,OFF,Normal
2026-06-12 22:49:39.807785,60,42,43,409,66,OFF,High Temperature
2026-06-12 22:49:40.679192,78,30,53,829,61,OFF,Normal
2026-06-12 22:49:41.620764,97,27,59,981,21,OFF,Normal
2026-06-12 22:49:42.839325,49,41,75,173,40,OFF,High Temperature
2026-06-12 22:49:44.054403,39,36,32,499,36,OFF,Normal
2026-06-12 22:49:44.923337,85,29,55,510,25,OFF,Normal
2026-06-12 22:49:45.738550,86,36,66,592,39,OFF,Normal
2026-06-12 22:49:46.493512,46,45,81,202,80,OFF,High Temperature
2026-06-12 22:49:47.214515,20,35,61,864,38,ON,Low Soil Moisture
2026-06-12 22:49:48.026920,10,30,57,251,80,ON,Low Soil Moisture
2026-06-12 22:49:48.729637,49,20,65,518,96,OFF,Normal
2026-06-12 22:49:49.428824,92,29,56,818,75,OFF,Normal
2026-06-12 22:49:50.124762,15,26,62,821,63,ON,Low Soil Moisture
2026-06-12 22:49:50.874560,86,36,82,511,13,OFF,Low Water Level
2026-06-12 22:49:51.927610,28,43,40,412,41,ON,Low Soil Moisture | High Temperature
2026-06-12 22:49:52.643518,89,28,55,958,34,OFF,Normal
2026-06-12 22:49:53.331513,75,27,46,753,27,OFF,Normal
2026-06-12 22:49:54.028194,59,31,51,989,86,OFF,Normal
2026-06-12 22:49:54.954492,41,30,78,658,19,OFF,Low Water Level
2026-06-12 22:49:55.947614,61,22,88,910,65,OFF,Normal
2026-06-12 22:49:56.948065,12,23,41,958,45,ON,Low Soil Moisture
